"Date","Currency","Mean","Buy","Sell"
"30/06/2023","CHINESE YUAN","19.3804","19.3653","19.3955"
"29/06/2023","CHINESE YUAN","19.4899","19.4733","19.5065"
"27/06/2023","CHINESE YUAN","19.4711","19.4563","19.4859"
"26/06/2023","CHINESE YUAN","19.4568","19.4424","19.4712"
"23/06/2023","CHINESE YUAN","19.5562","19.5381","19.5744"
"22/06/2023","CHINESE YUAN","19.5427","19.5246","19.5609"
"21/06/2023","CHINESE YUAN","19.4917","19.4773","19.5062"
"20/06/2023","CHINESE YUAN","19.5259","19.5107","19.5410"
"19/06/2023","CHINESE YUAN","19.6516","19.6332","19.6700"
"16/06/2023","CHINESE YUAN","19.5528","19.5360","19.5695"
"15/06/2023","CHINESE YUAN","19.5323","19.5155","19.5492"
"14/06/2023","CHINESE YUAN","19.5155","19.4983","19.5328"
"13/06/2023","CHINESE YUAN","19.4763","19.4618","19.4908"
"12/06/2023","CHINESE YUAN","19.5405","19.5225","19.5585"
"09/06/2023","CHINESE YUAN","19.5459","19.5294","19.5624"
"08/06/2023","CHINESE YUAN","19.5472","19.5297","19.5647"
"07/06/2023","CHINESE YUAN","19.5186","19.5025","19.5347"
"06/06/2023","CHINESE YUAN","19.5514","19.5346","19.5682"
"05/06/2023","CHINESE YUAN","19.5149","19.4993","19.5305"
"02/06/2023","CHINESE YUAN","19.5778","19.5620","19.5936"
"31/05/2023","CHINESE YUAN","19.5580","19.5399","19.5761"
"30/05/2023","CHINESE YUAN","19.5030","19.4879","19.5180"
"29/05/2023","CHINESE YUAN","19.5811","19.5658","19.5963"
"26/05/2023","CHINESE YUAN","19.5571","19.5410","19.5732"
"25/05/2023","CHINESE YUAN","19.6016","19.5846","19.6186"
"24/05/2023","CHINESE YUAN","19.5549","19.5380","19.5718"
"23/05/2023","CHINESE YUAN","19.6007","19.5848","19.6166"
"22/05/2023","CHINESE YUAN","19.5928","19.5776","19.6080"
"19/05/2023","CHINESE YUAN","19.5386","19.5191","19.5581"
"18/05/2023","CHINESE YUAN","19.6406","19.6234","19.6579"
"17/05/2023","CHINESE YUAN","19.6125","19.5973","19.6276"
"16/05/2023","CHINESE YUAN","19.7000","19.6849","19.7150"
"15/05/2023","CHINESE YUAN","19.6838","19.6688","19.6987"
"12/05/2023","CHINESE YUAN","19.7018","19.6849","19.7188"
"11/05/2023","CHINESE YUAN","19.7347","19.7197","19.7497"
"10/05/2023","CHINESE YUAN","19.7236","19.7080","19.7391"
"09/05/2023","CHINESE YUAN","19.7305","19.7159","19.7451"
"08/05/2023","CHINESE YUAN","19.7350","19.7200","19.7501"
"05/05/2023","CHINESE YUAN","19.7414","19.7266","19.7561"
"04/05/2023","CHINESE YUAN","19.7451","19.7290","19.7611"
"03/05/2023","CHINESE YUAN","19.6978","19.6802","19.7154"
"02/05/2023","CHINESE YUAN","19.6782","19.6606","19.6958"
"28/04/2023","CHINESE YUAN","19.6216","19.6039","19.6393"
"27/04/2023","CHINESE YUAN","19.6179","19.6026","19.6332"
"26/04/2023","CHINESE YUAN","19.5767","19.5595","19.5940"
"25/04/2023","CHINESE YUAN","19.6069","19.5922","19.6215"
"24/04/2023","CHINESE YUAN","19.6907","19.6705","19.7110"
"20/04/2023","CHINESE YUAN","19.6212","19.6060","19.6364"
"19/04/2023","CHINESE YUAN","19.6225","19.6071","19.6379"
"18/04/2023","CHINESE YUAN","19.5806","19.5624","19.5989"
"17/04/2023","CHINESE YUAN","19.6163","19.5946","19.6380"
"14/04/2023","CHINESE YUAN","19.6410","19.6253","19.6566"
"13/04/2023","CHINESE YUAN","19.4848","19.4695","19.5000"
"12/04/2023","CHINESE YUAN","19.4185","19.4037","19.4333"
"11/04/2023","CHINESE YUAN","19.4049","19.3897","19.4201"
"06/04/2023","CHINESE YUAN","19.3756","19.3560","19.3952"
"05/04/2023","CHINESE YUAN","19.3234","19.3038","19.3430"
"04/04/2023","CHINESE YUAN","19.2733","19.2582","19.2884"
"03/04/2023","CHINESE YUAN","19.2318","19.2153","19.2483"
"31/03/2023","CHINESE YUAN","19.2490","19.2310","19.2671"
"30/03/2023","CHINESE YUAN","19.1856","19.1690","19.2022"
"29/03/2023","CHINESE YUAN","19.1614","19.1446","19.1781"
"28/03/2023","CHINESE YUAN","19.0945","19.0795","19.1094"
"27/03/2023","CHINESE YUAN","19.1227","19.1061","19.1394"
"24/03/2023","CHINESE YUAN","19.2362","19.2145","19.2579"
"23/03/2023","CHINESE YUAN","19.0282","19.0112","19.0452"
"22/03/2023","CHINESE YUAN","18.9649","18.9494","18.9803"
"21/03/2023","CHINESE YUAN","18.9508","18.9354","18.9661"
"20/03/2023","CHINESE YUAN","18.8720","18.8520","18.8919"
"17/03/2023","CHINESE YUAN","18.8282","18.8118","18.8446"
"16/03/2023","CHINESE YUAN","18.8183","18.7970","18.8397"
"15/03/2023","CHINESE YUAN","18.8310","18.8128","18.8492"
"14/03/2023","CHINESE YUAN","18.8578","18.8363","18.8792"
"13/03/2023","CHINESE YUAN","18.6260","18.6056","18.6465"
"10/03/2023","CHINESE YUAN","18.5009","18.4852","18.5166"
"09/03/2023","CHINESE YUAN","18.4904","18.4746","18.5061"
"08/03/2023","CHINESE YUAN","18.5163","18.4980","18.5346"
"07/03/2023","CHINESE YUAN","18.4812","18.4632","18.4992"
"06/03/2023","CHINESE YUAN","18.4890","18.4730","18.5049"
"03/03/2023","CHINESE YUAN","18.4384","18.4173","18.4596"
"02/03/2023","CHINESE YUAN","18.4538","18.4382","18.4693"
"01/03/2023","CHINESE YUAN","18.3166","18.2999","18.3332"
"28/02/2023","CHINESE YUAN","18.2779","18.2623","18.2935"
"27/02/2023","CHINESE YUAN","18.2321","18.2135","18.2507"
"24/02/2023","CHINESE YUAN","18.3252","18.3089","18.3416"
"23/02/2023","CHINESE YUAN","18.3121","18.2958","18.3285"
"22/02/2023","CHINESE YUAN","18.2885","18.2738","18.3033"
"21/02/2023","CHINESE YUAN","18.3317","18.3166","18.3468"
"20/02/2023","CHINESE YUAN","18.3275","18.3119","18.3431"
"17/02/2023","CHINESE YUAN","18.2708","18.2557","18.2859"
"16/02/2023","CHINESE YUAN","18.3452","18.3271","18.3633"
"15/02/2023","CHINESE YUAN","18.3962","18.3785","18.4140"
"14/02/2023","CHINESE YUAN","18.3834","18.3679","18.3989"
"13/02/2023","CHINESE YUAN","18.3952","18.3770","18.4134"
"10/02/2023","CHINESE YUAN","18.4649","18.4454","18.4844"
"09/02/2023","CHINESE YUAN","18.4156","18.3975","18.4338"
"08/02/2023","CHINESE YUAN","18.4176","18.4019","18.4333"
"07/02/2023","CHINESE YUAN","18.3876","18.3661","18.4091"
"06/02/2023","CHINESE YUAN","18.5031","18.4837","18.5225"
"03/02/2023","CHINESE YUAN","18.4697","18.4529","18.4866"
"02/02/2023","CHINESE YUAN","18.5506","18.5347","18.5664"
"01/02/2023","CHINESE YUAN","18.4244","18.4068","18.4421"
"31/01/2023","CHINESE YUAN","18.4097","18.3926","18.4269"
"30/01/2023","CHINESE YUAN","18.3346","18.3145","18.3548"
"27/01/2023","CHINESE YUAN","18.3285","18.3084","18.3487"
"26/01/2023","CHINESE YUAN","18.3212","18.3010","18.3413"
"25/01/2023","CHINESE YUAN","18.3134","18.2932","18.3335"
"24/01/2023","CHINESE YUAN","18.3025","18.2824","18.3227"
"23/01/2023","CHINESE YUAN","18.3023","18.2836","18.3211"
"20/01/2023","CHINESE YUAN","18.2942","18.2747","18.3137"
"19/01/2023","CHINESE YUAN","18.3689","18.3499","18.3880"
"18/01/2023","CHINESE YUAN","18.3071","18.2878","18.3265"
"17/01/2023","CHINESE YUAN","18.4057","18.3881","18.4233"
"16/01/2023","CHINESE YUAN","18.4359","18.4142","18.4577"
"13/01/2023","CHINESE YUAN","18.3492","18.3298","18.3687"
"12/01/2023","CHINESE YUAN","18.3201","18.3039","18.3362"
"11/01/2023","CHINESE YUAN","18.2786","18.2599","18.2973"
"10/01/2023","CHINESE YUAN","18.2505","18.2330","18.2679"
"09/01/2023","CHINESE YUAN","18.0463","18.0275","18.0651"
"06/01/2023","CHINESE YUAN","18.0308","18.0141","18.0475"
"05/01/2023","CHINESE YUAN","17.9451","17.9296","17.9607"
"04/01/2023","CHINESE YUAN","17.8657","17.8448","17.8866"
"03/01/2023","CHINESE YUAN","17.9330","17.9145","17.9514"
"30/12/2022","CHINESE YUAN","17.7181","17.7003","17.7359"
"29/12/2022","CHINESE YUAN","17.6778","17.6597","17.6960"
"28/12/2022","CHINESE YUAN","17.6455","17.6274","17.6636"
"23/12/2022","CHINESE YUAN","17.6302","17.6147","17.6458"
"22/12/2022","CHINESE YUAN","17.6531","17.6381","17.6681"
"21/12/2022","CHINESE YUAN","17.6676","17.6526","17.6826"
"20/12/2022","CHINESE YUAN","17.6511","17.6336","17.6686"
"19/12/2022","CHINESE YUAN","17.6515","17.6309","17.6722"
"16/12/2022","CHINESE YUAN","17.6375","17.6169","17.6582"
"15/12/2022","CHINESE YUAN","17.6873","17.6704","17.7043"
"14/12/2022","CHINESE YUAN","17.6608","17.6460","17.6755"
"13/12/2022","CHINESE YUAN","17.6540","17.6333","17.6747"
"09/12/2022","CHINESE YUAN","17.6155","17.6002","17.6307"
"08/12/2022","CHINESE YUAN","17.6051","17.5868","17.6233"
"07/12/2022","CHINESE YUAN","17.5534","17.5297","17.5772"
"06/12/2022","CHINESE YUAN","17.6542","17.6382","17.6703"
"05/12/2022","CHINESE YUAN","17.4644","17.4489","17.4799"
"02/12/2022","CHINESE YUAN","17.3657","17.3508","17.3806"
"01/12/2022","CHINESE YUAN","17.2959","17.2757","17.3161"
"30/11/2022","CHINESE YUAN","17.1408","17.1208","17.1608"
"29/11/2022","CHINESE YUAN","17.0179","16.9996","17.0362"
"28/11/2022","CHINESE YUAN","17.0538","17.0339","17.0737"
"25/11/2022","CHINESE YUAN","17.1045","17.0835","17.1256"
"24/11/2022","CHINESE YUAN","17.1296","17.1136","17.1457"
"23/11/2022","CHINESE YUAN","17.0846","17.0685","17.1008"
"22/11/2022","CHINESE YUAN","17.0683","17.0535","17.0831"
"21/11/2022","CHINESE YUAN","17.0503","17.0350","17.0656"
"18/11/2022","CHINESE YUAN","17.0422","17.0202","17.0641"
"17/11/2022","CHINESE YUAN","17.2071","17.1833","17.2309"
"16/11/2022","CHINESE YUAN","17.3193","17.2955","17.3431"
"15/11/2022","CHINESE YUAN","17.2615","17.2375","17.2854"
"14/11/2022","CHINESE YUAN","17.1204","17.1036","17.1373"
"11/11/2022","CHINESE YUAN","16.9227","16.9029","16.9425"
"10/11/2022","CHINESE YUAN","16.7845","16.7650","16.8041"
"09/11/2022","CHINESE YUAN","16.7752","16.7591","16.7913"
"08/11/2022","CHINESE YUAN","16.7838","16.7681","16.7994"
"07/11/2022","CHINESE YUAN","16.9153","16.8955","16.9351"
"04/11/2022","CHINESE YUAN","16.7652","16.7502","16.7801"
"03/11/2022","CHINESE YUAN","16.6285","16.6134","16.6436"
"02/11/2022","CHINESE YUAN","16.6983","16.6827","16.7139"
"01/11/2022","CHINESE YUAN","16.7037","16.6868","16.7207"
"31/10/2022","CHINESE YUAN","16.7369","16.7169","16.7569"
"28/10/2022","CHINESE YUAN","16.7796","16.7630","16.7963"
"27/10/2022","CHINESE YUAN","16.8775","16.8578","16.8973"
"26/10/2022","CHINESE YUAN","16.5876","16.5733","16.6020"
"25/10/2022","CHINESE YUAN","16.5888","16.5733","16.6043"
"24/10/2022","CHINESE YUAN","16.7090","16.6948","16.7231"
"21/10/2022","CHINESE YUAN","16.7609","16.7430","16.7788"
"19/10/2022","CHINESE YUAN","16.8245","16.8066","16.8423"
"18/10/2022","CHINESE YUAN","16.8324","16.8174","16.8475"
"17/10/2022","CHINESE YUAN","16.8312","16.8134","16.8490"
"14/10/2022","CHINESE YUAN","16.8743","16.8585","16.8901"
"13/10/2022","CHINESE YUAN","16.8565","16.8388","16.8742"
"12/10/2022","CHINESE YUAN","16.8838","16.8677","16.8999"
"11/10/2022","CHINESE YUAN","16.9849","16.9649","17.0049"
"07/10/2022","CHINESE YUAN","16.9829","16.9628","17.0029"
"06/10/2022","CHINESE YUAN","16.9791","16.9591","16.9992"
"05/10/2022","CHINESE YUAN","16.9767","16.9566","16.9967"
"04/10/2022","CHINESE YUAN","16.9742","16.9542","16.9942"
"03/10/2022","CHINESE YUAN","16.9725","16.9525","16.9925"
"30/09/2022","CHINESE YUAN","16.9203","16.8981","16.9425"
"29/09/2022","CHINESE YUAN","16.6812","16.6640","16.6985"
"28/09/2022","CHINESE YUAN","16.8239","16.8082","16.8396"
"27/09/2022","CHINESE YUAN","16.8518","16.8374","16.8662"
"26/09/2022","CHINESE YUAN","16.9284","16.9048","16.9521"
"23/09/2022","CHINESE YUAN","17.0721","17.0539","17.0904"
"22/09/2022","CHINESE YUAN","17.0086","16.9936","17.0235"
"21/09/2022","CHINESE YUAN","17.1085","17.0933","17.1236"
"20/09/2022","CHINESE YUAN","17.1849","17.1697","17.2002"
"19/09/2022","CHINESE YUAN","17.1805","17.1642","17.1969"
"16/09/2022","CHINESE YUAN","17.2200","17.2022","17.2377"
"15/09/2022","CHINESE YUAN","17.2787","17.2624","17.2950"
"14/09/2022","CHINESE YUAN","17.3783","17.3576","17.3990"
"12/09/2022","CHINESE YUAN","17.3732","17.3525","17.3939"
"09/09/2022","CHINESE YUAN","17.3010","17.2804","17.3216"
"08/09/2022","CHINESE YUAN","17.2428","17.2262","17.2594"
"07/09/2022","CHINESE YUAN","17.2458","17.2305","17.2611"
"06/09/2022","CHINESE YUAN","17.3408","17.3257","17.3560"
"05/09/2022","CHINESE YUAN","17.3193","17.3048","17.3338"
"02/09/2022","CHINESE YUAN","17.4015","17.3861","17.4170"
"01/09/2022","CHINESE YUAN","17.4149","17.3958","17.4339"
"31/08/2022","CHINESE YUAN","17.3803","17.3603","17.4004"
"30/08/2022","CHINESE YUAN","17.3628","17.3437","17.3819"
"29/08/2022","CHINESE YUAN","17.4790","17.4602","17.4978"
"26/08/2022","CHINESE YUAN","17.4905","17.4749","17.5061"
"25/08/2022","CHINESE YUAN","17.5002","17.4836","17.5167"
"24/08/2022","CHINESE YUAN","17.4627","17.4469","17.4786"
"23/08/2022","CHINESE YUAN","17.4962","17.4794","17.5130"
"22/08/2022","CHINESE YUAN","17.5482","17.5302","17.5662"
"19/08/2022","CHINESE YUAN","17.5577","17.5413","17.5742"
"18/08/2022","CHINESE YUAN","17.5934","17.5782","17.6087"
"17/08/2022","CHINESE YUAN","17.6324","17.6168","17.6481"
"16/08/2022","CHINESE YUAN","17.6366","17.6188","17.6544"
"15/08/2022","CHINESE YUAN","17.7057","17.6893","17.7221"
"12/08/2022","CHINESE YUAN","17.7161","17.7006","17.7316"
"11/08/2022","CHINESE YUAN","17.6921","17.6767","17.7075"
"10/08/2022","CHINESE YUAN","17.6377","17.6228","17.6526"
"08/08/2022","CHINESE YUAN","17.6131","17.5981","17.6282"
"05/08/2022","CHINESE YUAN","17.6408","17.6226","17.6590"
"04/08/2022","CHINESE YUAN","17.6225","17.6068","17.6383"
"03/08/2022","CHINESE YUAN","17.6134","17.5934","17.6334"
"02/08/2022","CHINESE YUAN","17.5611","17.5453","17.5769"
"01/08/2022","CHINESE YUAN","17.6313","17.6140","17.6486"
"29/07/2022","CHINESE YUAN","17.6214","17.6061","17.6368"
"28/07/2022","CHINESE YUAN","17.5909","17.5754","17.6064"
"27/07/2022","CHINESE YUAN","17.5589","17.5423","17.5755"
"26/07/2022","CHINESE YUAN","17.5788","17.5617","17.5960"
"25/07/2022","CHINESE YUAN","17.5529","17.5365","17.5692"
"22/07/2022","CHINESE YUAN","17.5286","17.5131","17.5442"
"21/07/2022","CHINESE YUAN","17.5329","17.5165","17.5492"
"20/07/2022","CHINESE YUAN","17.5655","17.5481","17.5829"
"19/07/2022","CHINESE YUAN","17.5615","17.5429","17.5801"
"18/07/2022","CHINESE YUAN","17.5414","17.5263","17.5565"
"15/07/2022","CHINESE YUAN","17.4939","17.4772","17.5106"
"14/07/2022","CHINESE YUAN","17.5667","17.5481","17.5852"
"13/07/2022","CHINESE YUAN","17.5743","17.5554","17.5932"
"12/07/2022","CHINESE YUAN","17.5435","17.5281","17.5588"
"08/07/2022","CHINESE YUAN","17.6057","17.5807","17.6306"
"07/07/2022","CHINESE YUAN","17.5997","17.5743","17.6251"
"06/07/2022","CHINESE YUAN","17.5775","17.5521","17.6029"
"05/07/2022","CHINESE YUAN","17.6241","17.5987","17.6496"
"04/07/2022","CHINESE YUAN","17.6138","17.5982","17.6294"
"01/07/2022","CHINESE YUAN","17.5645","17.5485","17.5804"
"30/06/2022","CHINESE YUAN","17.5995","17.5741","17.6250"
"29/06/2022","CHINESE YUAN","17.5909","17.5735","17.6083"
"28/06/2022","CHINESE YUAN","17.5757","17.5600","17.5915"
"27/06/2022","CHINESE YUAN","17.5993","17.5839","17.6146"
"24/06/2022","CHINESE YUAN","17.5475","17.5313","17.5637"
"23/06/2022","CHINESE YUAN","17.5388","17.5217","17.5560"
"22/06/2022","CHINESE YUAN","17.5458","17.5295","17.5620"
"21/06/2022","CHINESE YUAN","17.5581","17.5421","17.5741"
"20/06/2022","CHINESE YUAN","17.5131","17.4877","17.5384"
"17/06/2022","CHINESE YUAN","17.5159","17.4905","17.5413"
"16/06/2022","CHINESE YUAN","17.4908","17.4744","17.5071"
"15/06/2022","CHINESE YUAN","17.4084","17.3900","17.4269"
"14/06/2022","CHINESE YUAN","17.3919","17.3748","17.4091"
"13/06/2022","CHINESE YUAN","17.4878","17.4624","17.5132"
"10/06/2022","CHINESE YUAN","17.5131","17.4877","17.5386"
"09/06/2022","CHINESE YUAN","17.5000","17.4746","17.5254"
"08/06/2022","CHINESE YUAN","17.5322","17.5117","17.5527"
"07/06/2022","CHINESE YUAN","17.6003","17.5840","17.6165"
"06/06/2022","CHINESE YUAN","17.5677","17.5514","17.5841"
"03/06/2022","CHINESE YUAN","17.5413","17.5245","17.5582"
"02/06/2022","CHINESE YUAN","17.4306","17.4139","17.4472"
"31/05/2022","CHINESE YUAN","17.5075","17.4901","17.5249"
"30/05/2022","CHINESE YUAN","17.4165","17.3979","17.4350"
"27/05/2022","CHINESE YUAN","17.3388","17.3139","17.3638"
"26/05/2022","CHINESE YUAN","17.4217","17.4009","17.4425"
"25/05/2022","CHINESE YUAN","17.4931","17.4763","17.5100"
"24/05/2022","CHINESE YUAN","17.5144","17.4888","17.5399"
"23/05/2022","CHINESE YUAN","17.4257","17.4085","17.4429"
"20/05/2022","CHINESE YUAN","17.3355","17.3103","17.3607"
"19/05/2022","CHINESE YUAN","17.2554","17.2392","17.2715"
"18/05/2022","CHINESE YUAN","17.2976","17.2724","17.3228"
"17/05/2022","CHINESE YUAN","17.1323","17.1074","17.1571"
"16/05/2022","CHINESE YUAN","17.0876","17.0629","17.1124"
"13/05/2022","CHINESE YUAN","17.0943","17.0696","17.1191"
"12/05/2022","CHINESE YUAN","17.2586","17.2430","17.2743"
"11/05/2022","CHINESE YUAN","17.2608","17.2435","17.2781"
"10/05/2022","CHINESE YUAN","17.3361","17.3129","17.3594"
"09/05/2022","CHINESE YUAN","17.2607","17.2441","17.2772"
"06/05/2022","CHINESE YUAN","17.3643","17.3389","17.3897"
"05/05/2022","CHINESE YUAN","17.5317","17.5150","17.5484"
"04/05/2022","CHINESE YUAN","17.5238","17.5073","17.5402"
"28/04/2022","CHINESE YUAN","17.5226","17.5053","17.5399"
"27/04/2022","CHINESE YUAN","17.6510","17.6336","17.6684"
"26/04/2022","CHINESE YUAN","17.6346","17.6129","17.6563"
"25/04/2022","CHINESE YUAN","17.6685","17.6514","17.6857"
"22/04/2022","CHINESE YUAN","17.8687","17.8512","17.8862"
"21/04/2022","CHINESE YUAN","17.9486","17.9294","17.9678"
"20/04/2022","CHINESE YUAN","18.0673","18.0482","18.0863"
"19/04/2022","CHINESE YUAN","18.1124","18.0959","18.1289"
"14/04/2022","CHINESE YUAN","18.1327","18.1156","18.1498"
"13/04/2022","CHINESE YUAN","18.1284","18.1112","18.1455"
"12/04/2022","CHINESE YUAN","18.1224","18.1053","18.1396"
"11/04/2022","CHINESE YUAN","18.0958","18.0782","18.1133"
"08/04/2022","CHINESE YUAN","18.1271","18.1000","18.1542"
"07/04/2022","CHINESE YUAN","18.1137","18.0866","18.1408"
"06/04/2022","CHINESE YUAN","18.0919","18.0745","18.1093"
"05/04/2022","CHINESE YUAN","18.0882","18.0708","18.1056"
"04/04/2022","CHINESE YUAN","18.0744","18.0575","18.0914"
"01/04/2022","CHINESE YUAN","18.1300","18.1120","18.1481"
"31/03/2022","CHINESE YUAN","18.1020","18.0749","18.1292"
"30/03/2022","CHINESE YUAN","18.0343","18.0073","18.0613"
"29/03/2022","CHINESE YUAN","18.0282","17.9983","18.0580"
"28/03/2022","CHINESE YUAN","18.0263","18.0082","18.0445"
"25/03/2022","CHINESE YUAN","18.0031","17.9761","18.0301"
"24/03/2022","CHINESE YUAN","17.9841","17.9661","18.0020"
"23/03/2022","CHINESE YUAN","17.9740","17.9573","17.9907"
"22/03/2022","CHINESE YUAN","18.0057","17.9886","18.0229"
"21/03/2022","CHINESE YUAN","17.9795","17.9599","17.9990"
"18/03/2022","CHINESE YUAN","18.0156","17.9856","18.0455"
"17/03/2022","CHINESE YUAN","17.9994","17.9825","18.0164"
"16/03/2022","CHINESE YUAN","17.9973","17.9796","18.0150"
"15/03/2022","CHINESE YUAN","17.9118","17.8947","17.9289"
"14/03/2022","CHINESE YUAN","18.0124","17.9951","18.0298"
"11/03/2022","CHINESE YUAN","18.0501","18.0229","18.0773"
"10/03/2022","CHINESE YUAN","18.0698","18.0527","18.0869"
"09/03/2022","CHINESE YUAN","18.0565","18.0392","18.0737"
"08/03/2022","CHINESE YUAN","18.0420","18.0239","18.0601"
"07/03/2022","CHINESE YUAN","18.0350","18.0078","18.0623"
"04/03/2022","CHINESE YUAN","18.0255","18.0087","18.0423"
"03/03/2022","CHINESE YUAN","18.0256","17.9984","18.0529"
"02/03/2022","CHINESE YUAN","18.0333","18.0154","18.0511"
"01/03/2022","CHINESE YUAN","18.0344","18.0178","18.0509"
"28/02/2022","CHINESE YUAN","18.0256","18.0075","18.0437"
"25/02/2022","CHINESE YUAN","17.9971","17.9773","18.0169"
"24/02/2022","CHINESE YUAN","17.9938","17.9666","18.0210"
"23/02/2022","CHINESE YUAN","17.9753","17.9564","17.9942"
"22/02/2022","CHINESE YUAN","17.9294","17.9024","17.9565"
"21/02/2022","CHINESE YUAN","17.9720","17.9544","17.9897"
"18/02/2022","CHINESE YUAN","17.9372","17.9101","17.9643"
"17/02/2022","CHINESE YUAN","17.9198","17.8927","17.9469"
"16/02/2022","CHINESE YUAN","17.9137","17.8965","17.9308"
"15/02/2022","CHINESE YUAN","17.8836","17.8665","17.9006"
"14/02/2022","CHINESE YUAN","17.8676","17.8512","17.8841"
"11/02/2022","CHINESE YUAN","17.8730","17.8557","17.8902"
"10/02/2022","CHINESE YUAN","17.8567","17.8403","17.8731"
"09/02/2022","CHINESE YUAN","17.8469","17.8290","17.8647"
"08/02/2022","CHINESE YUAN","17.8621","17.8351","17.8890"
"07/02/2022","CHINESE YUAN","17.8679","17.8512","17.8847"
"04/02/2022","CHINESE YUAN","17.8593","17.8422","17.8764"
"03/02/2022","CHINESE YUAN","17.8567","17.8396","17.8738"
"02/02/2022","CHINESE YUAN","17.8551","17.8380","17.8723"
"01/02/2022","CHINESE YUAN","17.8551","17.8380","17.8723"
"31/01/2022","CHINESE YUAN","17.8547","17.8375","17.8718"
"28/01/2022","CHINESE YUAN","17.8688","17.8418","17.8958"
"27/01/2022","CHINESE YUAN","17.8858","17.8691","17.9025"
"26/01/2022","CHINESE YUAN","17.9579","17.9408","17.9750"
"25/01/2022","CHINESE YUAN","17.9406","17.9241","17.9572"
"24/01/2022","CHINESE YUAN","17.9278","17.9108","17.9447"
"21/01/2022","CHINESE YUAN","17.8978","17.8810","17.9145"
"20/01/2022","CHINESE YUAN","17.8901","17.8732","17.9070"
"19/01/2022","CHINESE YUAN","17.8637","17.8464","17.8810"
"18/01/2022","CHINESE YUAN","17.8759","17.8589","17.8930"
"17/01/2022","CHINESE YUAN","17.8662","17.8495","17.8829"
"14/01/2022","CHINESE YUAN","17.8246","17.7976","17.8515"
"13/01/2022","CHINESE YUAN","17.8132","17.7863","17.8401"
"12/01/2022","CHINESE YUAN","17.8030","17.7863","17.8197"
"11/01/2022","CHINESE YUAN","17.7769","17.7596","17.7943"
"10/01/2022","CHINESE YUAN","17.7546","17.7363","17.7730"
"07/01/2022","CHINESE YUAN","17.7576","17.7411","17.7741"
"06/01/2022","CHINESE YUAN","17.7511","17.7339","17.7683"
"05/01/2022","CHINESE YUAN","17.7609","17.7445","17.7773"
"04/01/2022","CHINESE YUAN","17.7586","17.7415","17.7757"
"03/01/2022","CHINESE YUAN","17.8000","17.7730","17.8269"
"31/12/2021","CHINESE YUAN","17.7503","17.7331","17.7675"
"30/12/2021","CHINESE YUAN","17.7620","17.7455","17.7786"
"29/12/2021","CHINESE YUAN","17.7518","17.7353","17.7684"
"28/12/2021","CHINESE YUAN","17.7493","17.7327","17.7658"
"24/12/2021","CHINESE YUAN","17.7513","17.7339","17.7687"
"23/12/2021","CHINESE YUAN","17.7431","17.7273","17.7589"
"22/12/2021","CHINESE YUAN","17.7429","17.7264","17.7594"
"21/12/2021","CHINESE YUAN","17.7289","17.7126","17.7453"
"20/12/2021","CHINESE YUAN","17.7267","17.7101","17.7434"
"17/12/2021","CHINESE YUAN","17.7416","17.7246","17.7585"
"16/12/2021","CHINESE YUAN","17.7445","17.7268","17.7621"
"15/12/2021","CHINESE YUAN","17.7430","17.7262","17.7598"
"14/12/2021","CHINESE YUAN","17.7392","17.7226","17.7559"
"10/12/2021","CHINESE YUAN","17.7098","17.6922","17.7274"
"09/12/2021","CHINESE YUAN","17.7920","17.7738","17.8101"
"08/12/2021","CHINESE YUAN","17.7147","17.6979","17.7315"
"07/12/2021","CHINESE YUAN","17.6723","17.6545","17.6900"
"06/12/2021","CHINESE YUAN","17.6868","17.6697","17.7039"
"03/12/2021","CHINESE YUAN","17.6647","17.6457","17.6837"
"02/12/2021","CHINESE YUAN","17.6722","17.6551","17.6893"
"01/12/2021","CHINESE YUAN","17.6595","17.6417","17.6773"
"30/11/2021","CHINESE YUAN","17.6223","17.6047","17.6399"
"29/11/2021","CHINESE YUAN","17.6013","17.5845","17.6181"
"26/11/2021","CHINESE YUAN","17.5959","17.5789","17.6130"
"25/11/2021","CHINESE YUAN","17.5902","17.5721","17.6084"
"24/11/2021","CHINESE YUAN","17.5772","17.5607","17.5937"
"23/11/2021","CHINESE YUAN","17.5832","17.5673","17.5992"
"22/11/2021","CHINESE YUAN","17.5844","17.5678","17.6011"
"19/11/2021","CHINESE YUAN","17.5702","17.5436","17.5969"
"18/11/2021","CHINESE YUAN","17.5816","17.5549","17.6083"
"17/11/2021","CHINESE YUAN","17.5339","17.5073","17.5605"
"16/11/2021","CHINESE YUAN","17.5381","17.5210","17.5551"
"15/11/2021","CHINESE YUAN","17.5361","17.5190","17.5531"
"12/11/2021","CHINESE YUAN","17.4865","17.4699","17.5031"
"11/11/2021","CHINESE YUAN","17.4499","17.4329","17.4669"
"10/11/2021","CHINESE YUAN","17.4774","17.4610","17.4939"
"09/11/2021","CHINESE YUAN","17.4627","17.4459","17.4796"
"08/11/2021","CHINESE YUAN","17.4276","17.4101","17.4451"
"05/11/2021","CHINESE YUAN","17.4309","17.4139","17.4479"
"04/11/2021","CHINESE YUAN","17.4276","17.4110","17.4442"
"03/11/2021","CHINESE YUAN","17.4045","17.3873","17.4218"
"02/11/2021","CHINESE YUAN","17.3896","17.3730","17.4061"
"01/11/2021","CHINESE YUAN","17.3925","17.3755","17.4095"
"29/10/2021","CHINESE YUAN","17.3844","17.3579","17.4109"
"28/10/2021","CHINESE YUAN","17.3723","17.3555","17.3890"
"27/10/2021","CHINESE YUAN","17.4213","17.4044","17.4382"
"26/10/2021","CHINESE YUAN","17.3910","17.3734","17.4085"
"25/10/2021","CHINESE YUAN","17.4079","17.3912","17.4247"
"22/10/2021","CHINESE YUAN","17.3563","17.3382","17.3744"
"21/10/2021","CHINESE YUAN","17.3830","17.3662","17.3999"
"19/10/2021","CHINESE YUAN","17.2452","17.2269","17.2636"
"18/10/2021","CHINESE YUAN","17.2279","17.2113","17.2445"
"15/10/2021","CHINESE YUAN","17.2266","17.2106","17.2425"
"14/10/2021","CHINESE YUAN","17.2022","17.1849","17.2195"
"13/10/2021","CHINESE YUAN","17.1825","17.1660","17.1989"
"12/10/2021","CHINESE YUAN","17.1627","17.1467","17.1787"
"08/10/2021","CHINESE YUAN","17.1656","17.1490","17.1822"
"07/10/2021","CHINESE YUAN","17.1706","17.1512","17.1900"
"06/10/2021","CHINESE YUAN","17.1592","17.1398","17.1786"
"05/10/2021","CHINESE YUAN","17.1489","17.1295","17.1683"
"04/10/2021","CHINESE YUAN","17.1421","17.1227","17.1614"
"01/10/2021","CHINESE YUAN","17.0925","17.0742","17.1109"
"30/09/2021","CHINESE YUAN","17.0856","17.0675","17.1037"
"29/09/2021","CHINESE YUAN","17.0996","17.0735","17.1256"
"28/09/2021","CHINESE YUAN","17.0833","17.0672","17.0994"
"27/09/2021","CHINESE YUAN","17.0649","17.0389","17.0909"
"24/09/2021","CHINESE YUAN","17.0904","17.0725","17.1082"
"23/09/2021","CHINESE YUAN","17.0736","17.0572","17.0899"
"22/09/2021","CHINESE YUAN","17.0484","17.0325","17.0642"
"21/09/2021","CHINESE YUAN","17.0419","17.0244","17.0593"
"20/09/2021","CHINESE YUAN","17.0652","17.0391","17.0912"
"17/09/2021","CHINESE YUAN","17.0695","17.0531","17.0859"
"16/09/2021","CHINESE YUAN","17.1002","17.0844","17.1160"
"15/09/2021","CHINESE YUAN","17.0631","17.0473","17.0788"
"14/09/2021","CHINESE YUAN","17.0129","16.9959","17.0298"
"13/09/2021","CHINESE YUAN","17.0220","17.0061","17.0379"
"10/09/2021","CHINESE YUAN","17.0427","17.0268","17.0586"
"09/09/2021","CHINESE YUAN","17.0376","17.0214","17.0539"
"08/09/2021","CHINESE YUAN","17.0319","17.0153","17.0486"
"07/09/2021","CHINESE YUAN","17.0428","17.0261","17.0595"
"06/09/2021","CHINESE YUAN","17.0619","17.0454","17.0785"
"03/09/2021","CHINESE YUAN","17.0266","17.0100","17.0431"
"02/09/2021","CHINESE YUAN","17.0049","16.9889","17.0209"
"01/09/2021","CHINESE YUAN","17.0077","16.9905","17.0250"
"31/08/2021","CHINESE YUAN","16.9884","16.9715","17.0053"
"30/08/2021","CHINESE YUAN","16.9754","16.9588","16.9921"
"27/08/2021","CHINESE YUAN","16.9298","16.9078","16.9517"
"26/08/2021","CHINESE YUAN","16.9268","16.9103","16.9433"
"25/08/2021","CHINESE YUAN","16.9248","16.9084","16.9413"
"24/08/2021","CHINESE YUAN","16.9005","16.8846","16.9165"
"23/08/2021","CHINESE YUAN","16.8559","16.8400","16.8718"
"20/08/2021","CHINESE YUAN","16.8432","16.8264","16.8600"
"19/08/2021","CHINESE YUAN","16.8541","16.8376","16.8707"
"18/08/2021","CHINESE YUAN","16.8805","16.8643","16.8967"
"17/08/2021","CHINESE YUAN","16.8792","16.8628","16.8957"
"16/08/2021","CHINESE YUAN","16.8662","16.8500","16.8824"
"13/08/2021","CHINESE YUAN","16.8570","16.8406","16.8733"
"12/08/2021","CHINESE YUAN","16.8501","16.8332","16.8669"
"11/08/2021","CHINESE YUAN","16.8196","16.8034","16.8358"
"10/08/2021","CHINESE YUAN","16.7940","16.7780","16.8099"
"09/08/2021","CHINESE YUAN","16.7939","16.7774","16.8103"
"06/08/2021","CHINESE YUAN","16.8291","16.8123","16.8458"
"05/08/2021","CHINESE YUAN","16.8277","16.8110","16.8445"
"04/08/2021","CHINESE YUAN","16.8096","16.7931","16.8261"
"03/08/2021","CHINESE YUAN","16.8115","16.7952","16.8277"
"02/08/2021","CHINESE YUAN","16.8085","16.7826","16.8344"
"30/07/2021","CHINESE YUAN","16.8121","16.7952","16.8290"
"29/07/2021","CHINESE YUAN","16.7807","16.7639","16.7974"
"28/07/2021","CHINESE YUAN","16.6883","16.6686","16.7080"
"27/07/2021","CHINESE YUAN","16.7339","16.7179","16.7498"
"26/07/2021","CHINESE YUAN","16.7197","16.7031","16.7363"
"23/07/2021","CHINESE YUAN","16.7182","16.7014","16.7349"
"22/07/2021","CHINESE YUAN","16.7338","16.7172","16.7504"
"21/07/2021","CHINESE YUAN","16.7125","16.6960","16.7290"
"19/07/2021","CHINESE YUAN","16.6995","16.6829","16.7161"
"16/07/2021","CHINESE YUAN","16.7329","16.7167","16.7491"
"15/07/2021","CHINESE YUAN","16.7419","16.7259","16.7580"
"14/07/2021","CHINESE YUAN","16.6968","16.6799","16.7137"
"13/07/2021","CHINESE YUAN","16.6971","16.6811","16.7131"
"12/07/2021","CHINESE YUAN","16.6743","16.6579","16.6906"
"09/07/2021","CHINESE YUAN","16.6325","16.6148","16.6502"
"08/07/2021","CHINESE YUAN","16.6766","16.6569","16.6963"
"07/07/2021","CHINESE YUAN","16.6956","16.6698","16.7213"
"06/07/2021","CHINESE YUAN","16.6989","16.6821","16.7157"
"05/07/2021","CHINESE YUAN","16.6623","16.6452","16.6794"
"02/07/2021","CHINESE YUAN","16.6628","16.6370","16.6885"
"01/07/2021","CHINESE YUAN","16.7122","16.6944","16.7300"
"30/06/2021","CHINESE YUAN","16.6738","16.6564","16.6911"
"29/06/2021","CHINESE YUAN","16.6921","16.6750","16.7091"
"28/06/2021","CHINESE YUAN","16.6922","16.6664","16.7181"
"25/06/2021","CHINESE YUAN","16.6618","16.6450","16.6787"
"24/06/2021","CHINESE YUAN","16.6526","16.6364","16.6688"
"23/06/2021","CHINESE YUAN","16.6481","16.6304","16.6657"
"22/06/2021","CHINESE YUAN","16.6710","16.6540","16.6881"
"21/06/2021","CHINESE YUAN","16.6761","16.6605","16.6917"
"18/06/2021","CHINESE YUAN","16.7364","16.7197","16.7531"
"17/06/2021","CHINESE YUAN","16.8451","16.8287","16.8616"
"16/06/2021","CHINESE YUAN","16.8372","16.8204","16.8540"
"15/06/2021","CHINESE YUAN","16.8462","16.8253","16.8671"
"14/06/2021","CHINESE YUAN","16.8589","16.8408","16.8769"
"11/06/2021","CHINESE YUAN","16.8949","16.8783","16.9115"
"10/06/2021","CHINESE YUAN","16.8968","16.8790","16.9146"
"09/06/2021","CHINESE YUAN","16.8731","16.8555","16.8907"
"08/06/2021","CHINESE YUAN","16.8646","16.8474","16.8819"
"07/06/2021","CHINESE YUAN","16.8481","16.8312","16.8651"
"04/06/2021","CHINESE YUAN","16.8690","16.8429","16.8952"
"03/06/2021","CHINESE YUAN","16.8700","16.8531","16.8868"
"02/06/2021","CHINESE YUAN","16.9004","16.8741","16.9267"
"31/05/2021","CHINESE YUAN","16.8752","16.8489","16.9015"
"28/05/2021","CHINESE YUAN","16.8572","16.8401","16.8744"
"27/05/2021","CHINESE YUAN","16.8447","16.8280","16.8614"
"26/05/2021","CHINESE YUAN","16.8447","16.8185","16.8709"
"25/05/2021","CHINESE YUAN","16.8061","16.7886","16.8236"
"24/05/2021","CHINESE YUAN","16.8307","16.8141","16.8473"
"21/05/2021","CHINESE YUAN","16.8099","16.7926","16.8271"
"20/05/2021","CHINESE YUAN","16.7601","16.7436","16.7767"
"19/05/2021","CHINESE YUAN","16.7306","16.7137","16.7474"
"18/05/2021","CHINESE YUAN","16.6577","16.6409","16.6745"
"17/05/2021","CHINESE YUAN","16.6060","16.5895","16.6225"
"13/05/2021","CHINESE YUAN","16.6161","16.5997","16.6325"
"12/05/2021","CHINESE YUAN","16.5849","16.5681","16.6018"
"11/05/2021","CHINESE YUAN","16.6070","16.5908","16.6233"
"10/05/2021","CHINESE YUAN","16.5987","16.5822","16.6151"
"07/05/2021","CHINESE YUAN","16.5089","16.4833","16.5346"
"06/05/2021","CHINESE YUAN","16.5080","16.4914","16.5246"
"05/05/2021","CHINESE YUAN","16.5685","16.5517","16.5852"
"04/05/2021","CHINESE YUAN","16.6393","16.6226","16.6561"
"03/05/2021","CHINESE YUAN","16.6757","16.6593","16.6920"
"30/04/2021","CHINESE YUAN","16.6674","16.6506","16.6843"
"29/04/2021","CHINESE YUAN","16.6327","16.6160","16.6494"
"28/04/2021","CHINESE YUAN","16.6269","16.6105","16.6433"
"27/04/2021","CHINESE YUAN","16.6668","16.6500","16.6836"
"26/04/2021","CHINESE YUAN","16.7272","16.7111","16.7433"
"23/04/2021","CHINESE YUAN","16.7230","16.7059","16.7401"
"22/04/2021","CHINESE YUAN","16.6872","16.6701","16.7042"
"21/04/2021","CHINESE YUAN","16.6124","16.5952","16.6295"
"20/04/2021","CHINESE YUAN","16.5874","16.5702","16.6045"
"19/04/2021","CHINESE YUAN","16.4880","16.4708","16.5053"
"16/04/2021","CHINESE YUAN","16.4025","16.3853","16.4197"
"15/04/2021","CHINESE YUAN","16.3571","16.3409","16.3733"
"14/04/2021","CHINESE YUAN","16.3454","16.3288","16.3619"
"13/04/2021","CHINESE YUAN","16.3609","16.3431","16.3787"
"12/04/2021","CHINESE YUAN","16.3628","16.3457","16.3799"
"09/04/2021","CHINESE YUAN","16.4721","16.4565","16.4877"
"08/04/2021","CHINESE YUAN","16.5423","16.5207","16.5639"
"07/04/2021","CHINESE YUAN","16.6051","16.5881","16.6220"
"06/04/2021","CHINESE YUAN","16.6223","16.6056","16.6390"
"01/04/2021","CHINESE YUAN","16.7046","16.6791","16.7301"
"31/03/2021","CHINESE YUAN","16.6678","16.6494","16.6862"
"30/03/2021","CHINESE YUAN","16.7195","16.7014","16.7377"
"29/03/2021","CHINESE YUAN","16.7756","16.7580","16.7932"
"26/03/2021","CHINESE YUAN","16.7783","16.7599","16.7966"
"25/03/2021","CHINESE YUAN","16.8386","16.8215","16.8558"
"24/03/2021","CHINESE YUAN","16.8699","16.8535","16.8863"
"23/03/2021","CHINESE YUAN","16.8845","16.8665","16.9024"
"22/03/2021","CHINESE YUAN","16.8812","16.8645","16.8978"
"19/03/2021","CHINESE YUAN","16.8695","16.8531","16.8859"
"18/03/2021","CHINESE YUAN","16.8832","16.8643","16.9020"
"17/03/2021","CHINESE YUAN","16.8781","16.8622","16.8940"
"16/03/2021","CHINESE YUAN","16.8613","16.8450","16.8775"
"15/03/2021","CHINESE YUAN","16.8541","16.8368","16.8715"
"12/03/2021","CHINESE YUAN","16.9055","16.8874","16.9235"
"11/03/2021","CHINESE YUAN","16.8387","16.8226","16.8549"
"10/03/2021","CHINESE YUAN","16.8365","16.8200","16.8531"
"09/03/2021","CHINESE YUAN","16.7970","16.7801","16.8138"
"08/03/2021","CHINESE YUAN","16.8911","16.8731","16.9091"
"05/03/2021","CHINESE YUAN","16.9383","16.9226","16.9540"
"04/03/2021","CHINESE YUAN","16.9623","16.9464","16.9781"
"03/03/2021","CHINESE YUAN","16.9830","16.9667","16.9992"
"02/03/2021","CHINESE YUAN","16.9832","16.9670","16.9995"
"01/03/2021","CHINESE YUAN","16.9879","16.9714","17.0044"
"26/02/2021","CHINESE YUAN","16.9733","16.9573","16.9892"
"25/02/2021","CHINESE YUAN","17.0196","17.0030","17.0361"
"24/02/2021","CHINESE YUAN","16.9722","16.9554","16.9890"
"23/02/2021","CHINESE YUAN","16.9600","16.9442","16.9759"
"22/02/2021","CHINESE YUAN","16.9813","16.9631","16.9994"
"19/02/2021","CHINESE YUAN","16.9231","16.9063","16.9399"
"18/02/2021","CHINESE YUAN","16.9625","16.9365","16.9885"
"17/02/2021","CHINESE YUAN","16.9488","16.9228","16.9748"
"16/02/2021","CHINESE YUAN","16.9475","16.9215","16.9734"
"15/02/2021","CHINESE YUAN","16.9470","16.9210","16.9730"
"12/02/2021","CHINESE YUAN","16.9464","16.9204","16.9723"
"11/02/2021","CHINESE YUAN","16.9774","16.9513","17.0034"
"10/02/2021","CHINESE YUAN","17.0204","17.0035","17.0373"
"09/02/2021","CHINESE YUAN","16.9873","16.9612","17.0133"
"08/02/2021","CHINESE YUAN","16.9476","16.9303","16.9649"
"05/02/2021","CHINESE YUAN","16.9612","16.9450","16.9775"
"04/02/2021","CHINESE YUAN","17.0114","16.9951","17.0277"
"03/02/2021","CHINESE YUAN","17.0369","17.0203","17.0534"
"02/02/2021","CHINESE YUAN","17.0260","17.0101","17.0418"
"01/02/2021","CHINESE YUAN","17.1136","17.0970","17.1302"
"29/01/2021","CHINESE YUAN","17.0291","17.0031","17.0551"
"28/01/2021","CHINESE YUAN","17.0179","16.9990","17.0368"
"27/01/2021","CHINESE YUAN","17.0375","17.0215","17.0535"
"26/01/2021","CHINESE YUAN","16.9982","16.9723","17.0242"
"25/01/2021","CHINESE YUAN","16.9680","16.9460","16.9899"
"22/01/2021","CHINESE YUAN","16.9721","16.9558","16.9885"
"21/01/2021","CHINESE YUAN","17.0564","17.0392","17.0736"
"20/01/2021","CHINESE YUAN","17.0071","16.9902","17.0240"
"19/01/2021","CHINESE YUAN","16.9559","16.9392","16.9726"
"18/01/2021","CHINESE YUAN","17.0056","16.9882","17.0230"
"15/01/2021","CHINESE YUAN","17.0199","17.0029","17.0369"
"14/01/2021","CHINESE YUAN","16.9962","16.9789","17.0135"
"13/01/2021","CHINESE YUAN","16.9692","16.9484","16.9899"
"12/01/2021","CHINESE YUAN","16.9102","16.8939","16.9266"
"11/01/2021","CHINESE YUAN","16.8857","16.8691","16.9023"
"08/01/2021","CHINESE YUAN","16.9454","16.9246","16.9661"
"07/01/2021","CHINESE YUAN","16.9381","16.9214","16.9547"
"06/01/2021","CHINESE YUAN","16.9408","16.9234","16.9583"
"05/01/2021","CHINESE YUAN","16.9089","16.8829","16.9348"
"04/01/2021","CHINESE YUAN","16.7005","16.6840","16.7171"
"31/12/2020","CHINESE YUAN","16.7313","16.7147","16.7479"
"30/12/2020","CHINESE YUAN","16.7137","16.6976","16.7298"
"29/12/2020","CHINESE YUAN","16.6523","16.6360","16.6686"
"28/12/2020","CHINESE YUAN","16.6527","16.6362","16.6691"
"24/12/2020","CHINESE YUAN","16.6422","16.6254","16.6590"
"23/12/2020","CHINESE YUAN","16.7319","16.7160","16.7478"
"22/12/2020","CHINESE YUAN","16.9447","16.9216","16.9677"
"21/12/2020","CHINESE YUAN","17.0123","16.9964","17.0283"
"18/12/2020","CHINESE YUAN","17.0525","17.0363","17.0687"
"17/12/2020","CHINESE YUAN","17.0819","17.0614","17.1025"
"16/12/2020","CHINESE YUAN","17.0574","17.0410","17.0739"
"15/12/2020","CHINESE YUAN","17.0210","17.0044","17.0377"
"14/12/2020","CHINESE YUAN","17.0550","17.0384","17.0716"
"11/12/2020","CHINESE YUAN","17.0284","17.0066","17.0501"
"10/12/2020","CHINESE YUAN","17.0357","17.0191","17.0523"
"09/12/2020","CHINESE YUAN","17.0600","17.0381","17.0818"
"08/12/2020","CHINESE YUAN","17.0599","17.0440","17.0759"
"07/12/2020","CHINESE YUAN","17.0115","16.9916","17.0314"
"04/12/2020","CHINESE YUAN","16.9892","16.9729","17.0055"
"03/12/2020","CHINESE YUAN","16.8626","16.8435","16.8817"
"02/12/2020","CHINESE YUAN","16.7493","16.7337","16.7649"
"01/12/2020","CHINESE YUAN","16.7429","16.7262","16.7596"
"30/11/2020","CHINESE YUAN","16.7072","16.6907","16.7236"
"27/11/2020","CHINESE YUAN","16.7242","16.7079","16.7404"
"26/11/2020","CHINESE YUAN","16.7104","16.6923","16.7285"
"25/11/2020","CHINESE YUAN","16.6575","16.6372","16.6777"
"24/11/2020","CHINESE YUAN","16.6753","16.6588","16.6918"
"23/11/2020","CHINESE YUAN","16.6632","16.6446","16.6818"
"20/11/2020","CHINESE YUAN","16.6079","16.5909","16.6250"
"19/11/2020","CHINESE YUAN","16.6438","16.6272","16.6604"
"18/11/2020","CHINESE YUAN","16.6961","16.6797","16.7125"
"17/11/2020","CHINESE YUAN","16.5933","16.5756","16.6110"
"16/11/2020","CHINESE YUAN","16.5909","16.5740","16.6078"
"13/11/2020","CHINESE YUAN","16.4750","16.4583","16.4918"
"12/11/2020","CHINESE YUAN","16.4717","16.4551","16.4883"
"11/11/2020","CHINESE YUAN","16.4866","16.4660","16.5072"
"10/11/2020","CHINESE YUAN","16.4844","16.4659","16.5029"
"09/11/2020","CHINESE YUAN","16.4714","16.4525","16.4904"
"06/11/2020","CHINESE YUAN","16.4824","16.4610","16.5038"
"05/11/2020","CHINESE YUAN","16.3196","16.2949","16.3444"
"04/11/2020","CHINESE YUAN","16.2617","16.2428","16.2806"
"03/11/2020","CHINESE YUAN","16.2718","16.2560","16.2876"
"02/11/2020","CHINESE YUAN","16.2740","16.2586","16.2894"
"30/10/2020","CHINESE YUAN","16.2805","16.2626","16.2984"
"29/10/2020","CHINESE YUAN","16.2170","16.2005","16.2335"
"28/10/2020","CHINESE YUAN","16.2283","16.2105","16.2461"
"27/10/2020","CHINESE YUAN","16.2182","16.2000","16.2364"
"26/10/2020","CHINESE YUAN","16.2958","16.2790","16.3126"
"23/10/2020","CHINESE YUAN","16.2713","16.2554","16.2872"
"22/10/2020","CHINESE YUAN","16.3206","16.3045","16.3367"
"21/10/2020","CHINESE YUAN","16.2607","16.2452","16.2763"
"19/10/2020","CHINESE YUAN","16.2246","16.2064","16.2428"
"16/10/2020","CHINESE YUAN","16.1703","16.1544","16.1861"
"15/10/2020","CHINESE YUAN","16.1589","16.1433","16.1745"
"14/10/2020","CHINESE YUAN","16.1023","16.0852","16.1194"
"13/10/2020","CHINESE YUAN","16.0909","16.0755","16.1062"
"12/10/2020","CHINESE YUAN","16.1955","16.1780","16.2131"
"09/10/2020","CHINESE YUAN","15.9800","15.9629","15.9970"
"08/10/2020","CHINESE YUAN","15.9818","15.9648","15.9989"
"07/10/2020","CHINESE YUAN","15.9816","15.9645","15.9987"
"06/10/2020","CHINESE YUAN","15.9779","15.9609","15.9949"
"05/10/2020","CHINESE YUAN","15.9763","15.9593","15.9934"
"02/10/2020","CHINESE YUAN","15.9753","15.9583","15.9924"
"01/10/2020","CHINESE YUAN","15.9294","15.9077","15.9511"
"30/09/2020","CHINESE YUAN","15.9146","15.8982","15.9310"
"29/09/2020","CHINESE YUAN","15.9232","15.9060","15.9404"
"28/09/2020","CHINESE YUAN","15.8977","15.8817","15.9137"
"25/09/2020","CHINESE YUAN","15.9079","15.8916","15.9243"
"24/09/2020","CHINESE YUAN","15.9531","15.9373","15.9690"
"23/09/2020","CHINESE YUAN","16.0050","15.9900","16.0200"
"22/09/2020","CHINESE YUAN","15.9326","15.9148","15.9505"
"21/09/2020","CHINESE YUAN","16.0404","16.0236","16.0572"
"18/09/2020","CHINESE YUAN","15.9975","15.9804","16.0146"
"17/09/2020","CHINESE YUAN","16.0265","16.0094","16.0437"
"16/09/2020","CHINESE YUAN","16.0453","16.0292","16.0615"
"15/09/2020","CHINESE YUAN","16.0041","15.9835","16.0248"
"14/09/2020","CHINESE YUAN","15.8835","15.8684","15.8986"
"11/09/2020","CHINESE YUAN","15.8602","15.8398","15.8806"
"10/09/2020","CHINESE YUAN","15.8471","15.8273","15.8668"
"09/09/2020","CHINESE YUAN","15.8353","15.8193","15.8513"
"08/09/2020","CHINESE YUAN","15.8502","15.8352","15.8652"
"07/09/2020","CHINESE YUAN","15.8603","15.8446","15.8760"
"04/09/2020","CHINESE YUAN","15.8436","15.8243","15.8628"
"03/09/2020","CHINESE YUAN","15.8375","15.8217","15.8533"
"02/09/2020","CHINESE YUAN","15.8561","15.8395","15.8727"
"01/09/2020","CHINESE YUAN","15.8117","15.7954","15.8281"
"31/08/2020","CHINESE YUAN","15.7939","15.7779","15.8099"
"28/08/2020","CHINESE YUAN","15.7107","15.6956","15.7257"
"27/08/2020","CHINESE YUAN","15.7117","15.6953","15.7280"
"26/08/2020","CHINESE YUAN","15.6384","15.6235","15.6534"
"25/08/2020","CHINESE YUAN","15.6282","15.6122","15.6442"
"24/08/2020","CHINESE YUAN","15.6079","15.5924","15.6235"
"21/08/2020","CHINESE YUAN","15.6380","15.6231","15.6530"
"20/08/2020","CHINESE YUAN","15.7143","15.6971","15.7315"
"19/08/2020","CHINESE YUAN","15.6841","15.6691","15.6992"
"18/08/2020","CHINESE YUAN","15.6264","15.6064","15.6465"
"17/08/2020","CHINESE YUAN","15.6106","15.5951","15.6261"
"14/08/2020","CHINESE YUAN","15.5875","15.5716","15.6035"
"13/08/2020","CHINESE YUAN","15.6081","15.5928","15.6234"
"12/08/2020","CHINESE YUAN","15.5831","15.5670","15.5992"
"11/08/2020","CHINESE YUAN","15.5279","15.5025","15.5534"
"10/08/2020","CHINESE YUAN","15.5247","15.5093","15.5401"
"07/08/2020","CHINESE YUAN","15.5089","15.4934","15.5244"
"06/08/2020","CHINESE YUAN","15.5541","15.5375","15.5706"
"05/08/2020","CHINESE YUAN","15.4707","15.4535","15.4879"
"04/08/2020","CHINESE YUAN","15.4375","15.4219","15.4531"
"03/08/2020","CHINESE YUAN","15.3699","15.3525","15.3874"
"30/07/2020","CHINESE YUAN","15.3820","15.3668","15.3973"
"29/07/2020","CHINESE YUAN","15.3789","15.3641","15.3938"
"28/07/2020","CHINESE YUAN","15.3830","15.3678","15.3982"
"27/07/2020","CHINESE YUAN","15.3954","15.3795","15.4114"
"24/07/2020","CHINESE YUAN","15.3810","15.3653","15.3967"
"23/07/2020","CHINESE YUAN","15.4479","15.4281","15.4677"
"22/07/2020","CHINESE YUAN","15.4349","15.4185","15.4512"
"21/07/2020","CHINESE YUAN","15.4019","15.3821","15.4217"
"20/07/2020","CHINESE YUAN","15.3766","15.3611","15.3920"
"17/07/2020","CHINESE YUAN","15.3598","15.3413","15.3784"
"16/07/2020","CHINESE YUAN","15.3363","15.3213","15.3512"
"15/07/2020","CHINESE YUAN","15.3297","15.3146","15.3448"
"14/07/2020","CHINESE YUAN","15.2854","15.2707","15.3002"
"13/07/2020","CHINESE YUAN","15.3010","15.2855","15.3165"
"10/07/2020","CHINESE YUAN","15.2595","15.2435","15.2755"
"09/07/2020","CHINESE YUAN","15.2734","15.2549","15.2919"
"08/07/2020","CHINESE YUAN","15.2073","15.1915","15.2232"
"07/07/2020","CHINESE YUAN","15.1811","15.1660","15.1962"
"06/07/2020","CHINESE YUAN","15.0876","15.0711","15.1041"
"03/07/2020","CHINESE YUAN","15.0920","15.0745","15.1094"
"02/07/2020","CHINESE YUAN","15.0744","15.0590","15.0899"
"01/07/2020","CHINESE YUAN","15.0640","15.0392","15.0888"
"30/06/2020","CHINESE YUAN","15.0527","15.0374","15.0680"
"29/06/2020","CHINESE YUAN","15.0402","15.0235","15.0569"
"26/06/2020","CHINESE YUAN","15.0476","15.0309","15.0643"
"25/06/2020","CHINESE YUAN","15.0419","15.0260","15.0579"
"24/06/2020","CHINESE YUAN","15.0650","15.0455","15.0845"
"23/06/2020","CHINESE YUAN","15.0507","15.0349","15.0664"
"22/06/2020","CHINESE YUAN","15.0303","15.0146","15.0460"
"19/06/2020","CHINESE YUAN","14.9983","14.9789","15.0177"
"18/06/2020","CHINESE YUAN","15.0338","15.0171","15.0505"
"17/06/2020","CHINESE YUAN","15.0152","15.0001","15.0302"
"16/06/2020","CHINESE YUAN","15.0058","14.9887","15.0230"
"15/06/2020","CHINESE YUAN","15.0433","15.0273","15.0592"
"12/06/2020","CHINESE YUAN","15.0356","15.0209","15.0504"
"11/06/2020","CHINESE YUAN","15.0679","15.0534","15.0823"
"10/06/2020","CHINESE YUAN","15.0282","15.0122","15.0443"
"09/06/2020","CHINESE YUAN","15.0323","15.0153","15.0493"
"08/06/2020","CHINESE YUAN","14.9751","14.9582","14.9921"
"05/06/2020","CHINESE YUAN","14.9539","14.9303","14.9774"
"04/06/2020","CHINESE YUAN","14.8943","14.8782","14.9104"
"03/06/2020","CHINESE YUAN","14.9793","14.9627","14.9959"
"02/06/2020","CHINESE YUAN","14.9649","14.9506","14.9791"
"29/05/2020","CHINESE YUAN","14.9446","14.9287","14.9605"
"28/05/2020","CHINESE YUAN","14.9557","14.9391","14.9723"
"27/05/2020","CHINESE YUAN","14.9645","14.9491","14.9798"
"26/05/2020","CHINESE YUAN","15.0028","14.9846","15.0211"
"22/05/2020","CHINESE YUAN","15.0531","15.0368","15.0694"
"21/05/2020","CHINESE YUAN","15.0621","15.0463","15.0779"
"20/05/2020","CHINESE YUAN","15.0372","15.0125","15.0619"
"19/05/2020","CHINESE YUAN","15.0082","14.9932","15.0231"
"18/05/2020","CHINESE YUAN","15.0595","15.0427","15.0763"
"15/05/2020","CHINESE YUAN","15.0436","15.0278","15.0594"
"14/05/2020","CHINESE YUAN","15.0177","15.0031","15.0323"
"13/05/2020","CHINESE YUAN","15.0231","15.0084","15.0379"
"12/05/2020","CHINESE YUAN","14.9636","14.9454","14.9819"
"11/05/2020","CHINESE YUAN","14.9724","14.9541","14.9907"
"08/05/2020","CHINESE YUAN","14.9537","14.9380","14.9694"
"07/05/2020","CHINESE YUAN","14.9437","14.9263","14.9610"
"06/05/2020","CHINESE YUAN","15.0533","15.0349","15.0716"
"05/05/2020","CHINESE YUAN","15.0957","15.0773","15.1141"
"04/05/2020","CHINESE YUAN","15.1886","15.1702","15.2070"
"30/04/2020","CHINESE YUAN","15.2083","15.1929","15.2237"
"29/04/2020","CHINESE YUAN","15.1598","15.1414","15.1781"
"28/04/2020","CHINESE YUAN","15.1342","15.1191","15.1494"
"27/04/2020","CHINESE YUAN","15.1122","15.0968","15.1276"
"24/04/2020","CHINESE YUAN","15.1533","15.1285","15.1781"
"23/04/2020","CHINESE YUAN","15.1279","15.1126","15.1432"
"22/04/2020","CHINESE YUAN","15.1035","15.0884","15.1186"
"21/04/2020","CHINESE YUAN","15.1115","15.0944","15.1287"
"20/04/2020","CHINESE YUAN","15.0880","15.0696","15.1064"
"17/04/2020","CHINESE YUAN","15.0138","14.9954","15.0322"
"16/04/2020","CHINESE YUAN","14.9593","14.9410","14.9777"
"15/04/2020","CHINESE YUAN","15.0071","14.9887","15.0255"
"14/04/2020","CHINESE YUAN","15.0302","15.0145","15.0459"
"09/04/2020","CHINESE YUAN","14.9981","14.9829","15.0133"
"08/04/2020","CHINESE YUAN","15.0966","15.0795","15.1137"
"07/04/2020","CHINESE YUAN","15.0029","14.9864","15.0195"
"06/04/2020","CHINESE YUAN","14.9377","14.9217","14.9536"
"03/04/2020","CHINESE YUAN","14.9048","14.8891","14.9205"
"02/04/2020","CHINESE YUAN","14.8111","14.7872","14.8350"
"01/04/2020","CHINESE YUAN","14.8306","14.8098","14.8514"
"31/03/2020","CHINESE YUAN","14.7561","14.7358","14.7763"
"30/03/2020","CHINESE YUAN","14.7191","14.7024","14.7357"
"27/03/2020","CHINESE YUAN","14.8607","14.8439","14.8774"
"26/03/2020","CHINESE YUAN","14.9527","14.9338","14.9716"
"25/03/2020","CHINESE YUAN","15.0721","15.0557","15.0885"
"24/03/2020","CHINESE YUAN","15.0262","15.0103","15.0421"
"23/03/2020","CHINESE YUAN","14.9478","14.9315","14.9641"
"20/03/2020","CHINESE YUAN","14.8336","14.8180","14.8493"
"19/03/2020","CHINESE YUAN","14.8060","14.7812","14.8307"
"18/03/2020","CHINESE YUAN","14.7829","14.7679","14.7979"
"17/03/2020","CHINESE YUAN","14.7231","14.7076","14.7386"
"16/03/2020","CHINESE YUAN","14.7002","14.6857","14.7147"
"13/03/2020","CHINESE YUAN","14.5887","14.5731","14.6043"
"12/03/2020","CHINESE YUAN","14.7377","14.7211","14.7543"
"11/03/2020","CHINESE YUAN","14.7621","14.7460","14.7782"
"10/03/2020","CHINESE YUAN","14.8446","14.8216","14.8676"
"09/03/2020","CHINESE YUAN","14.8224","14.8037","14.8412"
"06/03/2020","CHINESE YUAN","14.7861","14.7697","14.8026"
"05/03/2020","CHINESE YUAN","14.8551","14.8364","14.8739"
"04/03/2020","CHINESE YUAN","14.7561","14.7375","14.7748"
"03/03/2020","CHINESE YUAN","14.5430","14.5245","14.5615"
"02/03/2020","CHINESE YUAN","14.4802","14.4641","14.4964"
"28/02/2020","CHINESE YUAN","14.4096","14.3937","14.4255"
"27/02/2020","CHINESE YUAN","14.3749","14.3584","14.3914"
"26/02/2020","CHINESE YUAN","14.4164","14.4006","14.4322"
"25/02/2020","CHINESE YUAN","14.3742","14.3498","14.3987"
"24/02/2020","CHINESE YUAN","14.3970","14.3805","14.4135"
"21/02/2020","CHINESE YUAN","14.4189","14.4016","14.4362"
"20/02/2020","CHINESE YUAN","14.4729","14.4557","14.4901"
"19/02/2020","CHINESE YUAN","14.4390","14.4238","14.4542"
"18/02/2020","CHINESE YUAN","14.4504","14.4348","14.4659"
"17/02/2020","CHINESE YUAN","14.3989","14.3809","14.4169"
"14/02/2020","CHINESE YUAN","14.4065","14.3900","14.4230"
"13/02/2020","CHINESE YUAN","14.4467","14.4305","14.4630"
"12/02/2020","CHINESE YUAN","14.4095","14.3926","14.4264"
"10/02/2020","CHINESE YUAN","14.3788","14.3620","14.3955"
"07/02/2020","CHINESE YUAN","14.4139","14.3989","14.4290"
"06/02/2020","CHINESE YUAN","14.4026","14.3838","14.4214"
"05/02/2020","CHINESE YUAN","14.3431","14.3275","14.3586"
"04/02/2020","CHINESE YUAN","14.3159","14.2982","14.3336"
"03/02/2020","CHINESE YUAN","14.3204","14.3052","14.3356"
"31/01/2020","CHINESE YUAN","14.5005","14.4856","14.5154"
"30/01/2020","CHINESE YUAN","14.5239","14.5089","14.5388"
"29/01/2020","CHINESE YUAN","14.5421","14.5272","14.5571"
"28/01/2020","CHINESE YUAN","14.5418","14.5269","14.5567"
"27/01/2020","CHINESE YUAN","14.5425","14.5276","14.5575"
"27/01/2020","CHINESE YUAN","14.5425","14.5276","14.5575"
"24/01/2020","CHINESE YUAN","14.5395","14.5245","14.5544"
"23/01/2020","CHINESE YUAN","14.5589","14.5429","14.5749"
"22/01/2020","CHINESE YUAN","14.6449","14.6289","14.6609"
"21/01/2020","CHINESE YUAN","14.7239","14.7087","14.7391"
"20/01/2020","CHINESE YUAN","14.7544","14.7390","14.7697"
"17/01/2020","CHINESE YUAN","14.6955","14.6802","14.7108"
"16/01/2020","CHINESE YUAN","14.7185","14.7024","14.7347"
"15/01/2020","CHINESE YUAN","14.7232","14.7074","14.7390"
"14/01/2020","CHINESE YUAN","14.7227","14.7048","14.7407"
"13/01/2020","CHINESE YUAN","14.6430","14.6180","14.6680"
"10/01/2020","CHINESE YUAN","14.6549","14.6397","14.6701"
"09/01/2020","CHINESE YUAN","14.6109","14.5957","14.6260"
"08/01/2020","CHINESE YUAN","14.5828","14.5600","14.6056"
"07/01/2020","CHINESE YUAN","14.5308","14.5081","14.5536"
"06/01/2020","CHINESE YUAN","14.4891","14.4723","14.5060"
"03/01/2020","CHINESE YUAN","14.4979","14.4818","14.5139"
"02/01/2020","CHINESE YUAN","14.5585","14.5420","14.5749"